config,AUROC,AUROC_lo,AUROC_hi,dAUROC_vs_ref,dAUROC_lo,dAUROC_hi,p_vs_ref
consecutive16/mean,0.6545454545454545,0.49276852116704806,0.8148148148148148,,,,
consecutive16/meanstd,0.6045454545454545,0.4256135583524027,0.7664433677980477,-0.050000000000000044,-0.19907433892702772,0.10590574866310144,0.515
consecutive16/attn,0.625,0.4443745232646834,0.7954545454545454,-0.02954545454545454,-0.14182816075514867,0.0704666371957561,0.58
consecutive16/transformer,0.6272727272727272,0.44617976099669465,0.7931818181818182,-0.027272727272727337,-0.17309027777777783,0.10068649885583525,0.71
uniform16/mean,0.5863636363636363,0.398168806678532,0.7662096088435374,-0.06818181818181823,-0.1947301136363636,0.04347826086956519,0.234
uniform16/meanstd,0.6386363636363637,0.4512159863945578,0.7977272727272727,-0.015909090909090873,-0.20943962848297212,0.18827769551756607,0.839
uniform16/attn,0.6272727272727273,0.4376326558083187,0.8047586898395719,-0.027272727272727226,-0.17273601398601404,0.09774404514250047,0.699
uniform16/transformer,0.6386363636363637,0.454326774691358,0.8054935799644038,-0.015909090909090873,-0.165909090909091,0.11111742424242425,0.821
consecutive32/mean,0.634090909090909,0.46028788919413915,0.7939832030256802,-0.020454545454545503,-0.09751120902906615,0.04629629629629617,0.538
consecutive32/meanstd,0.5954545454545455,0.4136129148629149,0.7708333333333333,-0.05909090909090908,-0.2572457808924485,0.14286596119929454,0.55
consecutive32/attn,0.6568181818181817,0.47217803030303035,0.8221306818181817,0.002272727272727204,-0.12954545454545452,0.11899313501144171,0.961
consecutive32/transformer,0.6636363636363636,0.4860864797864225,0.8182078219263572,0.009090909090909038,-0.14182816075514862,0.15046609477124176,0.91
uniform32/mean,0.6136363636363636,0.43286096809051605,0.7823203194321207,-0.040909090909090895,-0.1533487622217599,0.05722033972892093,0.426
uniform32/meanstd,0.6681818181818182,0.4897959183673469,0.8293323863636364,0.013636363636363669,-0.1759495464852608,0.18822278911564613,0.959
uniform32/attn,0.6,0.40555555555555556,0.783186456400742,-0.054545454545454564,-0.1932149729561058,0.06588302139037436,0.383
uniform32/transformer,0.5727272727272728,0.38941290045766597,0.7483266590389014,-0.08181818181818179,-0.25647927807486626,0.0704666371957561,0.282
