task,test_set,model,n,Accuracy(%),Accuracy(%)_mean,Accuracy(%)_ci_lo,Accuracy(%)_ci_hi,Balanced_Accuracy(%),Balanced_Accuracy(%)_mean,Balanced_Accuracy(%)_ci_lo,Balanced_Accuracy(%)_ci_hi,F1(%),F1(%)_mean,F1(%)_ci_lo,F1(%)_ci_hi,AUROC(%),AUROC(%)_mean,AUROC(%)_ci_lo,AUROC(%)_ci_hi,protocol
ASD,all,biomed_clip,47,59.5745,59.6383,44.6809,72.3404,57.037,57.1468,43.8158,70.7438,56.7554,56.296,41.5983,70.625,70.1852,70.0842,53.9962,84.0787,probe
ASD,all,biomed_clip,47,72.3404,72.1085,59.5745,85.1064,72.6852,72.4625,59.8647,85.0553,72.1386,71.4314,58.5294,84.4002,70.9259,70.7201,55.1268,85.3486,probe-meanstd
ASD,all,biomed_clip,47,61.7021,61.6702,46.8085,76.5957,56.2963,56.2591,46.6637,67.1245,52.1493,51.4969,36.9598,66.5784,64.2593,64.148,47.7778,78.629,zeroshot
ASD,all,echo_clip,47,63.8298,63.9,48.9362,78.7234,67.8704,67.9411,56.7592,78.8462,62.7506,62.257,47.6348,76.9608,65.1852,65.1067,46.7024,82.1612,probe
ASD,all,echo_clip,47,59.5745,59.3532,44.6809,72.3404,53.7963,53.5771,44.1571,62.5135,48.2319,47.4738,34.7222,61.0498,65.5556,65.38,50.0,80.5212,probe-meanstd
ASD,all,echo_clip,47,44.6809,44.8596,29.7872,57.4468,43.4259,43.6053,29.6637,56.9669,43.4259,43.0254,29.2587,56.7554,38.1481,38.3074,21.7524,54.2992,zeroshot
ASD,all,siglip2,47,70.2128,70.0745,55.3191,82.9787,74.0741,73.9417,64.2786,83.9286,69.537,68.8615,54.9808,80.8511,79.4444,79.2676,63.7265,91.3003,probe
ASD,all,siglip2,47,82.9787,82.8128,72.3404,91.4894,84.537,84.3759,75.175,93.3333,82.971,82.4612,70.4116,91.4855,82.037,81.7807,68.1435,92.8571,probe-meanstd
ASD,all,siglip2,47,57.4468,57.4702,42.5532,72.3404,50.0,50.0,50.0,50.0,36.4865,36.3509,29.8507,41.9753,33.7037,33.5196,19.0469,50.2006,zeroshot
PAH,all,biomed_clip,106,60.3774,60.3066,51.8632,69.8113,68.2151,68.2287,59.6028,76.2208,60.0216,59.7434,50.8734,68.9179,76.9892,77.0427,66.9144,86.0783,probe
PAH,all,biomed_clip,106,66.0377,65.999,57.5472,74.5519,71.2688,71.3327,62.4602,80.2154,65.0293,64.7963,56.1516,74.0111,78.0215,78.1265,68.3541,86.849,probe-meanstd
PAH,all,biomed_clip,106,34.9057,34.9906,26.4151,43.3962,54.0,54.0679,51.3333,57.3175,31.0715,31.0316,23.7695,38.8798,61.0753,60.9201,49.6471,71.7552,zeroshot
PAH,all,echo_clip,106,72.6415,72.4594,64.1273,80.1887,68.3656,68.2544,58.5669,77.5071,67.8284,67.4238,58.1004,76.1866,78.2796,77.9893,67.8093,86.6303,probe
PAH,all,echo_clip,106,63.2075,62.9472,53.7736,71.6981,66.4301,66.1826,56.359,74.859,61.7045,61.2253,51.885,70.4363,73.5914,73.2859,62.3036,82.7209,probe-meanstd
PAH,all,echo_clip,106,67.9245,67.9915,59.434,76.4151,48.9462,48.9676,45.09,53.1197,43.1187,42.9856,37.6471,50.067,49.4194,49.4815,36.3942,61.8023,zeroshot
PAH,all,siglip2,106,64.1509,64.1736,54.717,72.6415,65.2043,65.2091,55.0242,74.4301,61.8561,61.6475,52.2698,70.9385,72.0,72.0785,62.1023,80.9892,probe
PAH,all,siglip2,106,58.4906,58.4661,49.0566,66.9811,69.7204,69.7046,62.9574,76.0563,58.4758,58.2304,48.9817,66.9782,80.3011,80.392,72.145,88.2796,probe-meanstd
PAH,all,siglip2,106,70.7547,70.7717,62.2642,79.2453,50.0,50.0,50.0,50.0,41.4365,41.4048,38.3721,44.2105,68.9462,68.6229,56.6451,79.3276,zeroshot
ASD,noPHI,biomed_clip,42,54.7619,55.1691,40.4762,71.4286,54.0909,54.3826,40.0,69.4118,53.4694,53.1707,38.7755,68.6026,65.6818,65.9925,48.9696,82.769,probe
ASD,noPHI,biomed_clip,42,69.0476,69.2786,54.7619,83.3333,69.3182,69.4579,55.9354,83.1856,69.0301,68.6798,54.5664,83.0937,65.4545,65.8745,49.6455,82.4709,probe-meanstd
ASD,noPHI,biomed_clip,42,57.1429,57.0452,42.8571,71.4286,55.4545,55.2912,45.1354,66.6667,49.8674,49.1531,34.5085,65.0794,60.4545,60.1553,41.8752,77.0991,zeroshot
ASD,noPHI,echo_clip,42,59.5238,59.4929,42.8571,73.8095,61.1364,61.1255,50.9362,71.968,55.2351,54.5289,38.7743,69.9898,57.2727,57.1873,38.424,76.394,probe
ASD,noPHI,echo_clip,42,54.7619,54.6191,40.4762,69.0476,52.9545,52.7925,43.4766,63.4659,45.8983,45.0707,31.7582,61.0834,60.0,59.7298,41.4947,76.6638,probe-meanstd
ASD,noPHI,echo_clip,42,42.8571,42.8857,26.1905,57.1429,42.5,42.5154,26.2937,57.6666,42.3341,41.7719,25.8806,57.0455,36.8182,37.0916,20.4082,54.1731,zeroshot
ASD,noPHI,siglip2,42,66.6667,66.5048,52.381,80.9524,68.1818,68.0698,58.3333,78.2687,63.7037,62.9036,46.4258,77.7188,74.7727,74.9174,57.6659,88.6482,probe
ASD,noPHI,siglip2,42,80.9524,80.9667,69.0476,92.8571,81.5909,81.5931,70.8331,92.8621,80.778,80.3748,67.5337,92.8205,77.9545,78.0166,62.9265,93.3341,probe-meanstd
ASD,noPHI,siglip2,42,52.381,52.4381,38.0952,66.6667,50.0,50.0,50.0,50.0,34.375,34.221,27.5862,40.0,34.5455,34.8068,18.7611,53.3757,zeroshot
PAH,noPHI,biomed_clip,102,58.8235,58.8775,50.0,68.6275,67.2593,67.318,58.4574,75.763,58.0329,57.8474,48.3016,68.0291,73.7284,73.7909,62.8479,83.1304,probe
PAH,noPHI,biomed_clip,102,64.7059,64.651,54.902,73.5294,70.0741,70.0093,60.4148,78.5725,62.9839,62.6932,52.5508,72.4324,74.7654,74.7641,63.9954,84.5222,probe-meanstd
PAH,noPHI,biomed_clip,102,32.3529,32.4657,23.5294,42.1569,54.0,54.0543,51.3154,57.5,29.3586,29.2992,21.6003,37.7289,58.5185,58.4972,47.5163,68.9599,zeroshot
PAH,noPHI,echo_clip,102,71.5686,71.749,63.701,80.3922,65.2593,65.5276,55.9255,75.2964,64.6975,64.6639,55.387,74.0382,75.1111,75.342,64.2605,85.5214,probe
PAH,noPHI,echo_clip,102,61.7647,61.8961,51.9608,71.5686,64.5185,64.5935,53.6292,75.0502,59.321,59.1853,49.6022,69.4126,69.679,69.7814,58.0449,80.4159,probe-meanstd
PAH,noPHI,echo_clip,102,70.5882,70.4598,60.7843,78.4314,49.1852,49.0602,45.2703,53.6111,44.4041,44.1157,38.5542,51.5125,56.2963,56.2415,43.2399,68.7268,zeroshot
PAH,noPHI,siglip2,102,62.7451,62.8343,52.9412,71.5686,62.8148,62.9543,52.9017,73.194,59.2172,59.0708,49.8344,68.5154,70.4198,70.5532,60.0416,80.4158,probe
PAH,noPHI,siglip2,102,56.8627,56.8676,47.0588,65.6863,69.4815,69.4553,62.8309,75.9746,56.713,56.4634,46.545,65.6036,78.1728,78.3366,69.0146,86.8803,probe-meanstd
PAH,noPHI,siglip2,102,73.5294,73.502,63.7255,81.397,50.0,50.0,50.0,50.0,42.3729,42.3253,38.9222,44.8723,72.4444,72.3661,60.0908,82.875,zeroshot
