unique_id,prob_pah
001_image_patient1-4,0.91066086
001_image_patient18-4,0.99248743
002_image_patient22-4,0.90695006
005_image_patient26-4,0.91382915
008_image_patient8-4,0.7970542
013_image_patient48-4,0.9256501
014_image_patient53-4,0.93264556
017_image_patient74-4,0.71431386
021_image_patient28-4,0.9900849
021_image_patient92-4,0.9754328
025_image_patient35-4,0.99044365
029_image_patient-11-4,0.9853496
032_image_patient-16-4,0.8478232
032_image_patient45-4,0.9803355
035_image_patient-4-4,0.97830176
037_image_patient-18-4,0.5522047
038_image_patient-20-4,0.64111334
046_image_patient63-4,0.98789316
051_image_patient-8-4,0.9778953
051_image_patient68-4,0.9523784
052_image_patient70-4,0.9855327
054_image_patient72-4,0.9861466
058_image_patient-40-4,0.9297735
062_image_patient-45-4,0.9879302
065_image_patient-48-4,0.8374124
065_image_patient87-4,0.97381634
068_image_patient90-4,0.9918783
070_image_patient-2-4,0.9989641
073_image_patient-2-4,0.96392286
075_image_patient-4-4,0.9737447
079_image_patient-8-4,0.8715422
080_image_patient-9-4,0.9672124
083_image_patient-18-4,0.95984846
084_image_patient-58-4,0.86466235
085_image_patient-20-4,0.9702153
087_image_patient-2-4,0.92879736
087_image_patient-69-4,0.98894554
092_image_patient-8-4,0.9266263
093_image_patient-89-4,0.9705837
093_image_patient-9-4,0.99424815
094_image_patient-11-4,0.93594706
094_image_patient-90-4,0.9705837
095_image_patient-54-4,0.68334955
099_image_patient-16-4,0.95853376
105_image_patient-90-4,0.7569642
107_image_patient-2-4,0.97343045
112_image_patient-8-4,0.8699385
113_image_patient-9-4,0.9426722
114_image_patient-11-4,0.9896293
117_image_patient-105-4,0.96100664
119_image_patient-16-4,0.98531485
121_image_patient-18-4,0.9699159
125_image_patient-117-4,0.95481825
127_image_patient-2-4,0.9877467
129_image_patient-4-4,0.92281955
130_image_patient-9-4,0.85502636
131_image_patient-11-4,0.9352554
135_image_patient-16-4,0.6128088
137_image_patient-18-4,0.9638832
139_image_patient-20-4,0.8643995
156_image_patient-4-4,0.9955568
160_image_patient-8-4,0.997931
161_image_patient-9-4,0.97063094
162_image_patient-11-4,0.99470216
166_image_patient-16-4,0.9480294
168_image_patient-18-4,0.9950251
170_image_patient-20-4,0.9260926
184_image_patient-40-4,0.9939872
188_image_patient-45-4,0.85108244
190_image_patient-48-4,0.9749868
192_image_patient-54-4,0.9688529
193_image_patient-55-4,0.9957295
196_image_patient-60-4,0.9942942
205_image_patient-75-4,0.9996232
209_image_patient-80-4,0.99369264
220_image_patient-55-4,0.9335786
223_image_patient-58-4,0.9888313
224_image_patient-60-4,0.8387127
233_image_patient-69-4,0.84555984
238_image_patient-75-4,0.9959668
248_image_patient-110-4,0.9893254
254_image_P1-4,0.99256974
257_image_P4-4,0.98135424
266_image_P13-4,0.98639387
269_image_P16-4,0.99369085
272_image_P19-4,0.9979144
284_image_P31-4,0.99849427
285_image_P32-4,0.9945516
290_image_P37-4,0.99609023
294_image_P41-4,0.9985251
298_image_P45-4,0.9995956
302_image_P49-4,0.9992055
304_image_P51-4,0.9949313
320_image_P67-4,0.9920745
321_image_P68-4,0.97939545
323_image_P70-4,0.9985989
331_image_P78-4,0.99824727
332_image_P79-4,0.99575233
341_image_P89-4,0.98590684
Non-PAH_080,0.95873183
Non-PAH_081,0.97439927
PAH_005,0.95761174
