model,n_train,subsample,view,head,n_val,MAE
echo_clip,150,0,consecutive16,mean,24,6.915513477464681
echo_clip,150,0,consecutive16,attn,24,6.611727157364539
echo_clip,150,0,consecutive16,transformer,24,6.7409277922821085
echo_clip,150,0,uniform16,mean,24,6.82575385727427
echo_clip,150,0,uniform16,attn,24,6.567819849599324
echo_clip,150,0,uniform16,transformer,24,6.681894380489366
echo_clip,150,1,consecutive16,mean,24,7.198950315053823
echo_clip,150,1,consecutive16,attn,24,6.894480303439178
echo_clip,150,1,consecutive16,transformer,24,6.909538428131133
echo_clip,150,1,uniform16,mean,24,7.232945607999213
echo_clip,150,1,uniform16,attn,24,7.026904738821423
echo_clip,150,1,uniform16,transformer,24,7.037873450213782
echo_clip,150,2,consecutive16,mean,24,7.273463900073333
echo_clip,150,2,consecutive16,attn,24,7.06785001761717
echo_clip,150,2,consecutive16,transformer,24,7.11923696893963
echo_clip,150,2,uniform16,mean,24,6.936565732059637
echo_clip,150,2,uniform16,attn,24,6.778773445915998
echo_clip,150,2,uniform16,transformer,24,6.77969012983808
echo_clip,300,0,consecutive16,mean,48,6.715747195673565
echo_clip,300,0,consecutive16,attn,48,6.587037485958444
echo_clip,300,0,consecutive16,transformer,48,6.672126254717832
echo_clip,300,0,uniform16,mean,48,7.017711673773868
echo_clip,300,0,uniform16,attn,48,6.281481017165489
echo_clip,300,0,uniform16,transformer,48,6.40900010036338
echo_clip,300,1,consecutive16,mean,48,6.716427102242595
echo_clip,300,1,consecutive16,attn,48,6.5490411003662405
echo_clip,300,1,consecutive16,transformer,48,6.487695875188622
echo_clip,300,1,uniform16,mean,48,6.633042144082792
echo_clip,300,1,uniform16,attn,48,6.39785656786381
echo_clip,300,1,uniform16,transformer,48,6.434012560396251
echo_clip,300,2,consecutive16,mean,48,6.440554715209681
echo_clip,300,2,consecutive16,attn,48,6.431036192076105
echo_clip,300,2,consecutive16,transformer,48,6.259296456009217
echo_clip,300,2,uniform16,mean,48,6.560551097484774
echo_clip,300,2,uniform16,attn,48,6.347476984418037
echo_clip,300,2,uniform16,transformer,48,6.394561213188802
echo_clip,1000,0,consecutive16,mean,160,6.324038226509378
echo_clip,1000,0,consecutive16,attn,160,6.137082812351463
echo_clip,1000,0,consecutive16,transformer,160,6.039977835530411
echo_clip,1000,0,uniform16,mean,160,6.232604005030835
echo_clip,1000,0,uniform16,attn,160,6.033904707573151
echo_clip,1000,0,uniform16,transformer,160,5.991515525463883
echo_clip,1000,1,consecutive16,mean,160,6.2069991881454145
echo_clip,1000,1,consecutive16,attn,160,5.997017510504157
echo_clip,1000,1,consecutive16,transformer,160,5.971686393227696
echo_clip,1000,1,uniform16,mean,160,6.137714691433513
echo_clip,1000,1,uniform16,attn,160,5.900342582238335
echo_clip,1000,1,uniform16,transformer,160,5.826707800193699
echo_clip,1000,2,consecutive16,mean,160,6.225132202099349
echo_clip,1000,2,consecutive16,attn,160,5.996791731337464
echo_clip,1000,2,consecutive16,transformer,160,5.8644235370366875
echo_clip,1000,2,uniform16,mean,160,6.154151180247245
echo_clip,1000,2,uniform16,attn,160,5.792797268795552
echo_clip,1000,2,uniform16,transformer,160,5.791397096216597
echo_clip,3000,0,consecutive16,mean,480,6.177416396329807
echo_clip,3000,0,consecutive16,attn,480,5.6888201004914185
echo_clip,3000,0,consecutive16,transformer,480,5.706460519342456
echo_clip,3000,0,uniform16,mean,480,6.1053892031594055
echo_clip,3000,0,uniform16,attn,480,5.573134941350841
echo_clip,3000,0,uniform16,transformer,480,5.692897542569023
echo_clip,3000,1,consecutive16,mean,480,6.0353690829441975
echo_clip,3000,1,consecutive16,attn,480,5.584279145775867
echo_clip,3000,1,consecutive16,transformer,480,5.575688959786574
echo_clip,3000,1,uniform16,mean,480,5.979829003274142
echo_clip,3000,1,uniform16,attn,480,5.426748062537699
echo_clip,3000,1,uniform16,transformer,480,5.581987878220106
echo_clip,3000,2,consecutive16,mean,480,6.124725099412315
echo_clip,3000,2,consecutive16,attn,480,5.643481026794321
echo_clip,3000,2,consecutive16,transformer,480,5.619051515882787
echo_clip,3000,2,uniform16,mean,480,6.05463282885348
echo_clip,3000,2,uniform16,attn,480,5.533370267972685
echo_clip,3000,2,uniform16,transformer,480,5.564990463043749
biomed_clip,150,0,consecutive16,mean,24,8.799720577143773
biomed_clip,150,0,consecutive16,attn,24,8.570386347317427
biomed_clip,150,0,consecutive16,transformer,24,8.915784845468956
biomed_clip,150,0,uniform16,mean,24,8.71814261950004
biomed_clip,150,0,uniform16,attn,24,8.31340945228326
biomed_clip,150,0,uniform16,transformer,24,8.456516540550435
biomed_clip,150,1,consecutive16,mean,24,10.213915433491938
biomed_clip,150,1,consecutive16,attn,24,9.171847658814253
biomed_clip,150,1,consecutive16,transformer,24,9.280988895875998
biomed_clip,150,1,uniform16,mean,24,9.769461747617505
biomed_clip,150,1,uniform16,attn,24,9.487861111392657
biomed_clip,150,1,uniform16,transformer,24,9.818985891239485
biomed_clip,150,2,consecutive16,mean,24,9.069993050299574
biomed_clip,150,2,consecutive16,attn,24,8.5922709758266
biomed_clip,150,2,consecutive16,transformer,24,8.696234175327099
biomed_clip,150,2,uniform16,mean,24,8.796292041671727
biomed_clip,150,2,uniform16,attn,24,8.431999386469332
biomed_clip,150,2,uniform16,transformer,24,8.66785227432744
biomed_clip,300,0,consecutive16,mean,48,8.578628466738456
biomed_clip,300,0,consecutive16,attn,48,8.36031429625312
biomed_clip,300,0,consecutive16,transformer,48,8.629831311295822
biomed_clip,300,0,uniform16,mean,48,8.504721529339188
biomed_clip,300,0,uniform16,attn,48,8.12644515668378
biomed_clip,300,0,uniform16,transformer,48,8.418036372732494
biomed_clip,300,1,consecutive16,mean,48,8.768886950001706
biomed_clip,300,1,consecutive16,attn,48,8.691531256040417
biomed_clip,300,1,consecutive16,transformer,48,8.617266063730675
biomed_clip,300,1,uniform16,mean,48,8.590680267744178
biomed_clip,300,1,uniform16,attn,48,8.29677439173448
biomed_clip,300,1,uniform16,transformer,48,8.498341923258392
biomed_clip,300,2,consecutive16,mean,48,8.596952257724853
biomed_clip,300,2,consecutive16,attn,48,8.402292055940604
biomed_clip,300,2,consecutive16,transformer,48,8.397664142990598
biomed_clip,300,2,uniform16,mean,48,8.510760827483942
biomed_clip,300,2,uniform16,attn,48,8.001817235159018
biomed_clip,300,2,uniform16,transformer,48,8.196923303172175
biomed_clip,1000,0,consecutive16,mean,160,8.425269348882253
biomed_clip,1000,0,consecutive16,attn,160,8.133592202358972
biomed_clip,1000,0,consecutive16,transformer,160,7.858714779024736
biomed_clip,1000,0,uniform16,mean,160,8.644395569139448
biomed_clip,1000,0,uniform16,attn,160,7.842156982067513
biomed_clip,1000,0,uniform16,transformer,160,7.7280721754841375
biomed_clip,1000,1,consecutive16,mean,160,8.37526670480907
biomed_clip,1000,1,consecutive16,attn,160,8.424423923504108
biomed_clip,1000,1,consecutive16,transformer,160,8.432479544605666
biomed_clip,1000,1,uniform16,mean,160,8.249775853903863
biomed_clip,1000,1,uniform16,attn,160,8.483155362798934
biomed_clip,1000,1,uniform16,transformer,160,8.40066977837948
biomed_clip,1000,2,consecutive16,mean,160,8.479669829534654
biomed_clip,1000,2,consecutive16,attn,160,7.893033964832187
biomed_clip,1000,2,consecutive16,transformer,160,8.305112113163597
biomed_clip,1000,2,uniform16,mean,160,8.361448531166369
biomed_clip,1000,2,uniform16,attn,160,7.790476430626927
biomed_clip,1000,2,uniform16,transformer,160,7.562377420340164
biomed_clip,3000,0,consecutive16,mean,480,8.05592056651816
biomed_clip,3000,0,consecutive16,attn,480,7.553897361736948
biomed_clip,3000,0,consecutive16,transformer,480,7.405880179852027
biomed_clip,3000,0,uniform16,mean,480,7.852631350956362
biomed_clip,3000,0,uniform16,attn,480,7.165283782895039
biomed_clip,3000,0,uniform16,transformer,480,7.040173072680235
biomed_clip,3000,1,consecutive16,mean,480,8.15296984081759
biomed_clip,3000,1,consecutive16,attn,480,7.605012601683172
biomed_clip,3000,1,consecutive16,transformer,480,7.46889326318292
biomed_clip,3000,1,uniform16,mean,480,7.846432645740309
biomed_clip,3000,1,uniform16,attn,480,7.261723400197831
biomed_clip,3000,1,uniform16,transformer,480,7.085781034673617
biomed_clip,3000,2,consecutive16,mean,480,8.158470344639667
biomed_clip,3000,2,consecutive16,attn,480,7.4806761161934165
biomed_clip,3000,2,consecutive16,transformer,480,7.596418444414818
biomed_clip,3000,2,uniform16,mean,480,7.846592693344918
biomed_clip,3000,2,uniform16,attn,480,7.271609122196907
biomed_clip,3000,2,uniform16,transformer,480,7.055579472900215
siglip2,150,0,consecutive16,mean,24,8.945928513363743
siglip2,150,0,consecutive16,attn,24,9.023008743539156
siglip2,150,0,consecutive16,transformer,24,9.046531111482627
siglip2,150,0,uniform16,mean,24,9.04429553606466
siglip2,150,0,uniform16,attn,24,8.936424982577181
siglip2,150,0,uniform16,transformer,24,8.996747914504246
siglip2,150,1,consecutive16,mean,24,9.02513355917874
siglip2,150,1,consecutive16,attn,24,10.195146004843043
siglip2,150,1,consecutive16,transformer,24,9.430745518995522
siglip2,150,1,uniform16,mean,24,8.91255613394513
siglip2,150,1,uniform16,attn,24,8.865723279358757
siglip2,150,1,uniform16,transformer,24,9.120821671624041
siglip2,150,2,consecutive16,mean,24,9.172617886479978
siglip2,150,2,consecutive16,attn,24,8.622843125209535
siglip2,150,2,consecutive16,transformer,24,8.544845346031432
siglip2,150,2,uniform16,mean,24,8.9543995595634
siglip2,150,2,uniform16,attn,24,8.481611903963621
siglip2,150,2,uniform16,transformer,24,8.76148265821042
siglip2,300,0,consecutive16,mean,48,8.648893191737907
siglip2,300,0,consecutive16,attn,48,8.30114739409591
siglip2,300,0,consecutive16,transformer,48,8.457372518788542
siglip2,300,0,uniform16,mean,48,8.544733855495783
siglip2,300,0,uniform16,attn,48,8.26694679760246
siglip2,300,0,uniform16,transformer,48,8.481614469288509
siglip2,300,1,consecutive16,mean,48,8.478513959075286
siglip2,300,1,consecutive16,attn,48,8.390379778589459
siglip2,300,1,consecutive16,transformer,48,8.513997649247113
siglip2,300,1,uniform16,mean,48,8.530697841741844
siglip2,300,1,uniform16,attn,48,8.354151537808738
siglip2,300,1,uniform16,transformer,48,8.274218241141485
siglip2,300,2,consecutive16,mean,48,8.506934926778163
siglip2,300,2,consecutive16,attn,48,8.17390320420084
siglip2,300,2,consecutive16,transformer,48,8.167913185357008
siglip2,300,2,uniform16,mean,48,8.49244619911233
siglip2,300,2,uniform16,attn,48,8.156409114711282
siglip2,300,2,uniform16,transformer,48,8.175078784065445
siglip2,1000,0,consecutive16,mean,160,8.62368874153001
siglip2,1000,0,consecutive16,attn,160,8.121246139137456
siglip2,1000,0,consecutive16,transformer,160,8.268004732206327
siglip2,1000,0,uniform16,mean,160,8.183038826317297
siglip2,1000,0,uniform16,attn,160,8.363428467698567
siglip2,1000,0,uniform16,transformer,160,8.194041368305564
siglip2,1000,1,consecutive16,mean,160,8.344330765924369
siglip2,1000,1,consecutive16,attn,160,8.495598111437841
siglip2,1000,1,consecutive16,transformer,160,8.472112231685912
siglip2,1000,1,uniform16,mean,160,8.088882702462003
siglip2,1000,1,uniform16,attn,160,8.49922295594147
siglip2,1000,1,uniform16,transformer,160,8.473505169394471
siglip2,1000,2,consecutive16,mean,160,8.210506685255528
siglip2,1000,2,consecutive16,attn,160,8.01090914193983
siglip2,1000,2,consecutive16,transformer,160,8.100716226326591
siglip2,1000,2,uniform16,mean,160,8.02958505930141
siglip2,1000,2,uniform16,attn,160,7.955003051685418
siglip2,1000,2,uniform16,transformer,160,7.878025211764907
siglip2,3000,0,consecutive16,mean,480,8.120960268363753
siglip2,3000,0,consecutive16,attn,480,7.582353192354249
siglip2,3000,0,consecutive16,transformer,480,7.6854110260388655
siglip2,3000,0,uniform16,mean,480,7.8721908484709
siglip2,3000,0,uniform16,attn,480,7.3633951614118045
siglip2,3000,0,uniform16,transformer,480,7.508852721275683
siglip2,3000,1,consecutive16,mean,480,8.244247345667867
siglip2,3000,1,consecutive16,attn,480,7.616344520646482
siglip2,3000,1,consecutive16,transformer,480,7.8268699705145925
siglip2,3000,1,uniform16,mean,480,7.943787628135102
siglip2,3000,1,uniform16,attn,480,7.478585218573948
siglip2,3000,1,uniform16,transformer,480,7.588679148146611
siglip2,3000,2,consecutive16,mean,480,8.169685769432341
siglip2,3000,2,consecutive16,attn,480,7.46996761659961
siglip2,3000,2,consecutive16,transformer,480,7.703465490319548
siglip2,3000,2,uniform16,mean,480,7.836078509069414
siglip2,3000,2,uniform16,attn,480,7.3720124894669885
siglip2,3000,2,uniform16,transformer,480,7.2189357405569
