FileName,EF_pred
0X100CF05D141FF143,59.666534
0X1012703CDC1436FE,38.50085
0X102CFB07F752AAE6,52.545143
0X105B9EF57DE45DCB,60.688446
0X10A28877E97DF540,61.190945
0X10B7505562B0A702,56.889465
0X10F6FD4A9C6A458E,58.773415
0X111EDA8A1E44169C,59.530804
0X1129FFF0D45D7EFF,61.55672
0X112D0A3D2ACB8800,58.639645
0X112EF236E1F676E4,62.04335
0X11303E45952732BD,60.70856
0X1131FB2A374D34F5,58.59616
0X114B58E6B34E55F1,57.86615
0X1167650B8BEFF863,62.63121
0X11DD5C8CC2A4D225,63.318947
0X126C02C8B984672B,60.529457
0X126D2362E5A0A3E2,59.68251
0X127A2C51D192532D,58.036297
0X129133A90A61A59D,32.44435
0X129ED481CEECBD9,60.04639
0X132C1E8DBB715D1D,57.512966
0X1335F88662E38FD5,60.477203
0X13881965FA7312E,58.198696
0X138BF0FABD298C5,59.870567
0X13ACF1360A23F50F,62.51808
0X13CE2039E2D706A,46.095825
0X13F7CAB4C719ACA3,54.60013
0X14017B26554F7A5E,61.582966
0X1412F3A856C40C82,64.46673
0X1439627ADB475793,57.69327
0X1453F1CB3615D8E6,62.646416
0X148FFCBF4D0C398F,63.04936
0X1498806542CEE367,54.144295
0X14C05BE120AEAFA3,59.153206
0X14DDD7911ED612B8,60.875286
0X152F36A552DD2930,59.00171
0X1545ED054E5CE01D,64.94435
0X158B03C45BB55DAC,58.40165
0X1592A79667250EA1,64.311295
0X15BA82A1F6BF8B6,59.724567
0X15C0D7DBFF8E4FC8,59.83027
0X15CC6C50F1763B61,56.620686
0X15E22119724FDD7D,63.119484
0X15E987778BEC99D5,60.49413
0X1623BBE488F0EC89,57.4362
0X1689802F6D3093D2,62.447407
0X16FC9AA0AD5D8136,34.421085
0X1702B6CCB7E8812B,61.592384
0X170F2698C1A90A77,61.112648
0X171A7C9E7E1129D,42.338078
0X171B390B95FD0FAE,59.123974
0X171B52ED0054DF49,60.45837
0X171CF9695943319A,58.935722
0X171FD888481D524D,58.977043
0X174090E59512E733,60.93133
0X176C1E76AD804467,59.911392
0X178269A4C18FC6B,59.353977
0X17828CD670289D36,56.722885
0X179B579A585FF160,59.91041
0X179D5051F8526C08,52.774323
0X17E51BF21235E28B,59.9793
0X17FD9808C073BC07,63.893135
0X1815E6741A8B2CFA,58.03667
0X18353D8F5AB7B324,63.732597
0X184DEB337FF5AB9,52.05924
0X1858AFC9464E1463,51.543873
0X185D65EA647B5C61,57.00911
0X18610C37F29E80E4,58.817924
0X1870E70784D77469,59.469074
0X18916084CE523264,65.54944
0X18989A4754914D96,64.77022
0X18BA5512BE5D6FFA,54.085552
0X18E7B26CAD98175,58.40395
0X19063156A3F3C14E,58.843037
0X19359F9246BB8A33,60.174225
0X195D3B45D8A0DB2D,62.518673
0X1999533C6100442C,54.35093
0X19B044F932C6BC6C,57.049244
0X19BCCFDA31770A23,60.663635
0X19DF9461CA5F498F,62.388767
0X19E240FFEFEBBD,59.114395
0X19E42A10F0077B9F,39.679657
0X19EA5CB11FC1BC78,60.75659
0X1A05829AEDF6C65,62.349163
0X1A193A8138F4DD0F,63.12414
0X1A3D565B371DC573,59.148026
0X1A481BE9AE4F2DCD,58.206684
0X1A58C9DFE12C7953,49.43315
0X1A5FAE3F9D37794E,47.615738
0X1A8D85542DBE8204,61.47049
0X1AA30623C1AE4641,61.13516
0X1AA8E4C0155A02E0,58.79383
0X1AADD51FAA94E4E,61.030373
0X1AB987597AF39E3B,49.460777
0X1ACB73BE8C1F2C0C,63.54328
0X1ADDEA184822F38E,62.352978
0X1AEE3CDCAEC1A61,60.587234
0X1B2BCDAE290F6015,37.217346
0X1B4F427BC662B727,55.464787
0X1B54B78D0A2101E4,60.36303
0X1B8DC2233ED16EA9,59.1225
0X1BDA3760E526CD15,19.914452
0X1BDEEC24D5FC570C,59.017155
0X1C1F4EA2045C5402,58.504368
0X1C32622E5515DFF5,57.48313
0X1C48B213563D806E,35.354088
0X1C71836EDBA989E0,57.61542
0X1C8C0CE25970C40,56.176712
0X1CB9B564C2B0F615,57.467606
0X1CDE7FECA3A1754B,48.08941
0X1CF4B07994B62DBB,60.72574
0X1D181F5019010E4B,59.46435
0X1D24CEA29A24560B,58.01485
0X1D393AED88F9D056,55.25644
0X1D484F34365B129A,61.618896
0X1D531494AA297EA7,30.470373
0X1D7D9F50E7714DF3,58.024296
0X1D855297E0E75B59,52.493797
0X1D865EBAD1A947E4,53.98275
0X1D89AB9610940667,57.489243
0X1DA42DFD1ADF56A2,58.954292
0X1DAFA784FB6CD2DC,52.777657
0X1DB488AC3583E3D6,61.8937
0X1DBA02F07308FF4,48.86262
0X1DCD463A9C38E795,60.60883
0X1DE841B07C0641E5,49.026966
0X1E12EEE43FD913E5,61.22894
0X1E433E7966FD7332,56.738056
0X1E50146E7EAFF53E,56.86417
0X1E611525E31DDA7B,58.587215
0X1EA0FB82B5B28F2F,62.19435
0X1EA3EC569C1E2C60,60.915733
0X1EAA8A2138A834E0,58.016693
0X1EB9E86F4FA26B5B,58.65611
0X1EDA0F3F33F97A9D,59.505184
0X1EDC550222BB3CB7,59.270634
0X1EF35FFC92F4F554,57.921227
0X1F16283D4711432A,50.935085
0X1F2549CEA36F670D,62.456726
0X1F30E6AC3FE50EE3,59.275455
0X1F341EB2BB60BC7E,62.15836
0X1F3A4CF3F7A776F2,52.144596
0X1F7368994CBAFA05,56.916653
0X1F8D2F8CEE622FC2,62.105614
0X1F9860EB836A4AD5,57.223557
0X1FA393110F28F205,58.678402
0X1FA69C9259AB1323,54.396248
0X1FF210ABA6FAF49B,60.025074
0X1FF8C2A15819C013,62.24209
0X2006B85D0AC90B99,55.72438
0X2006F373AD037FB0,53.616543
0X2012F90A3894AE6C,59.66116
0X203B9F42F7B63F18,57.676155
0X2049B43FE38C7E52,62.040188
0X204EABEBB4C346A7,61.672924
0X2077ABE141A56534,48.284813
0X208160FB0725991,64.5095
0X20A9585822B9B71D,60.369297
0X20AEF825025712FA,56.4416
0X20C87FB09C5485FA,57.13082
0X20DC0F2BB24C0B14,57.672325
0X20F0ECA9A407E292,61.365166
0X20F33082C8E339A5,57.663307
0X20F3D05837705ED2,50.765118
0X20FDE60EA17CDF97,56.755127
0X210265FBDA5360AE,59.902077
0X211D307253ACBEE7,57.587666
0X21494E0B4F352AA,64.28198
0X216C953D364C7BE5,62.186855
0X217EB21B6C3068DF,52.572548
0X2190CC524D8A3203,63.174454
0X21E519C28BC94C65,62.152317
0X22164FE4DE644483,59.54304
0X22241B85FF21816D,60.59908
0X2230D32DA2165960,46.356377
0X22390EC6147E56F5,62.895706
0X224D087937470C14,61.9449
0X228D178D820A29A2,62.68007
0X2295D5A3C8F9AF68,60.961735
0X229B538A0319227C,59.664906
0X22FAC36B13D3526C,53.93597
0X23229F0B64DC9FAE,60.038307
0X232DAB0AE399625D,62.8756
0X233DCAFBF90253C7,54.76703
0X233E8DAD9CD641F2,61.031693
0X23419AB4EA378B47,58.157326
0X234F388F6AF6AC9C,58.429535
0X23646D0D797339F6,54.3186
0X237A158C025A28E5,49.347942
0X238824F40F11736F,63.311695
0X23DF57D03E5E2F9B,62.22671
0X23FCF45E798060D0,60.155132
0X241E08BD87DD9251,61.805046
0X24362254069DD61B,59.455544
0X24429BE93EA20EA0,48.141605
0X2461DF4B5870DBC4,34.03672
0X246B8C7FCA4D818D,60.635002
0X24708E2D3F05391F,60.341087
0X247FC8D31B4E44B7,55.856865
0X2485A9135A333814,46.86261
0X249901C1E8BF28AA,53.70485
0X24B3D97148F6484B,58.921566
0X24C05ADF764D0216,60.887043
0X24DBD52BC75C4180,59.743492
0X250244FCEBCBC052,56.84323
0X2507255D8DC30B4E,60.29673
0X255D1BAE852D2D09,61.74051
0X25651736878239CE,61.93764
0X259CBD1FA6358DC,61.65532
0X25B0A5E678CC4D13,54.264805
0X25BD4EC399A57695,58.60538
0X25C4CF4384EAA0FA,60.57246
0X25E1A2FEB38D5C1A,60.784164
0X260767549892A590,57.763664
0X26444E1ACD4FE90F,60.349197
0X2649959DDB6CA52B,61.867924
0X264B6A93D7EE624A,57.26986
0X2676C392F6C80EBD,57.926292
0X269BDCE2A6A294AB,52.126457
0X26A12BDA55DE0DDE,59.853302
0X26CF0F0BCD885F65,58.144707
0X27250C8B6DF1D971,62.81776
0X2728207F531EE47D,63.149406
0X272A1770B9F8E6A0,33.029602
0X2753C50A8B05D7D5,60.942047
0X2754B4D0ABE17BD0,42.40983
0X2755371160DC96FC,58.770317
0X276409ED976E48CA,63.2027
0X2768CE554B3E0BED,61.143993
0X279CA7868FB35FB2,57.011517
0X27A4A5840BC00390,59.34481
0X27AD2D53372C8B2C,60.165028
0X27BBC1D9367BD3F,61.483395
0X27C871612E887EF6,63.04103
0X27E5A824236613DF,48.56713
0X27EBBB70B35C2BDF,60.87962
0X2837905EB4C648A6,57.656963
0X283EA34320D8C58B,63.395313
0X2841EE2AE1958F10,53.62057
0X2851818C006989E0,58.168262
0X28712788DD9BC1B6,24.380219
0X287940BA389ACFE8,51.694386
0X287AFCC7F6DEED83,60.553936
0X2889D8C33077C148,61.357727
0X28957333BC12D494,54.78029
0X28B8302CC1B2FCB,60.302193
0X28DDDD1528582978,60.241585
0X28EDD31B54CBEBD9,55.558598
0X29044407543B4ED0,53.1186
0X292971284482F563,60.53571
0X29372D09CBD2D8D0,62.6556
0X29582FA0A66ECA89,53.231762
0X296284667D0B48F7,62.747074
0X2973BE861413FD44,57.560482
0X299A88D5675F49D0,61.168755
0X29C990BE357DA21C,61.158478
0X29E5CE47FBC8961D,62.749393
0X29E66C557C99EC32,56.112892
0X29EA5EC080FF78D6,62.288326
0X29F98334C8C86ACF,60.822605
0X29FDE0A4498AB572,36.14505
0X2A179DC26614D64F,61.32761
0X2A777BDE3B51C189,62.893864
0X2A8DA996FB52D5CB,62.072575
0X2A928235B332DBCF,59.624603
0X2ACEC865BDA02BE4,60.541603
0X2ADEADB93D232F1F,61.92182
0X2AF780DBAFAEE9DD,61.01377
0X2AFCAC3003694C4D,51.08327
0X2B25C29EF3612FD9,57.157494
0X2B559592BBB6E421,64.53082
0X2B76F1C5F5D0466D,61.803658
0X2B7ABC059BB8090D,62.09015
0X2B81FE1EF971B25A,63.805958
0X2B867271589725B9,39.409176
0X2B9185D91BBE0E97,61.726154
0X2B974E47EADA843,60.938534
0X2BC272DCF674E2FC,62.9173
0X2BC37749440CC632,35.23723
0X2BDE03448DF23DEB,60.439274
0X2BDFE5712EFDDD47,61.134155
0X2BF66637343A27ED,37.739723
0X2C12A8B71D39E8DA,57.548462
0X2C34E713BB4D3308,50.4237
0X2C41E0CF2733C297,58.177185
0X2C45F28244AF0456,61.86075
0X2C871D22AD5EAD1A,55.60791
0X2C87657038E600E4,60.821526
0X2C90DA7EB02FCCD2,56.374187
0X2C91EA24C7C0B398,62.654037
0X2CA927607A7AB65A,58.73287
0X2CAA96B0D5EB2D62,38.306557
0X2CB0D18E525D7C37,58.611076
0X2CBCF722CBB5B80D,56.454185
0X2CC9EEC1D61BB2BF,60.67066
0X2D1062571172E8A7,54.774963
0X2D34C7C038A1E3D2,57.891384
0X2D3E3C182D1459C8,61.038254
0X2D4304FA6A09F93E,49.60893
0X2D658517E159F3F4,55.77807
0X2D66386606994937,64.34273
0X2D6CA36A674EDC8F,55.73218
0X2D8A896770271A60,49.21093
0X2D9E50E6BDB7CF9,55.641544
0X2DAE446A22A6038,52.15218
0X2DC355CC1C2B3876,62.477295
0X2DDA61D944C9F9C3,56.18905
0X2DEC11BFCC04AD8,58.643307
0X2DEDA110B28EFD48,62.2208
0X2DF88C27BB20C25D,53.11479
0X2E19B6DE8518F7FD,55.475735
0X2E733C8B779C06B7,57.45711
0X2E77A82F2D70D940,63.11223
0X2E8342A7771D0391,60.507446
0X2EAF0F81176431E0,60.6509
0X2EB86B8EAE0A26F0,59.077858
0X2EB93A2E4548142E,46.127293
0X2ECE3ECC0BF62256,58.1642
0X2EDDFC5697535B9C,58.895195
0X2F094CEC2EEA4606,54.84832
0X2F290311A5574772,62.94772
0X2F29E8E7691D0E32,56.136127
0X2F2A34E211A5A1FE,55.94472
0X2F80BA0880335F5B,60.88817
0X2FA86741F726D47C,58.90997
0X2FAFDA5737784951,47.658455
0X2FDF24DB8EF1CE4D,59.58508
0X2FF0C9AF0BDAE066,58.475006
0X2FF33D4035E666DB,61.857586
0X2FFB2D1F3A52F4AF,60.055943
0X30274DCF9BBA567F,65.00984
0X30478F96BBD1A142,55.23604
0X305C73A65134962D,59.461597
0X306001BA85006E21,57.300095
0X3070B9FC19EEA1A8,54.13767
0X3077040EC90D916D,55.192177
0X309AD0F57E1C81B2,60.816135
0X30A216CE9B22EF5,63.09601
0X30C6E212959E3A90,55.43071
0X30CAEB4DADB146B,60.782402
0X30DF42C999969D67,53.016037
0X30F59532488B7385,59.937897
0X3112D11F241CFEC2,61.93415
0X312454CBA4A7D4F2,61.83648
0X3154AED0655FDFA,60.596924
0X31875024C412A9E,62.87534
0X3191F7851F57ECC5,58.23125
0X31B6E6B67B97806A,58.689808
0X31D3AE2E06F1566E,57.535778
0X31FCB82628884EF3,60.284077
0X3224EE34E8450170,54.7908
0X32312BC4DF1CD8A3,60.571148
0X3237F0FD286478F9,58.140694
0X3285FE374F563092,49.016113
0X3289775294422CD9,27.41981
0X32AFF6A0BED73A67,62.96404
0X32D38BB19B226A8C,60.80176
0X33102FE7080DF430,56.527042
0X3319F092B34E5C6E,60.719753
0X331C177536F2D6A7,59.073208
0X331FA2EFD16DD71F,61.404446
0X3327607103BF5410,22.716274
0X333A6598916DD19,60.664036
0X333FD98F27A8A355,59.769127
0X334F8452094FF33E,56.8934
0X3351369E8117D69F,62.925827
0X336E68E12F89AB87,56.714478
0X33801E24EDECD5DE,61.512608
0X3395476F5A327AEC,59.08781
0X339EDBDA0782AA12,56.374462
0X33B931135755C02D,56.83718
0X33C02A3FE1E3BB60,61.192345
0X33C3D95C20A0D931,57.94645
0X33DC75C67339384A,56.557064
0X34093F356D30ECBD,56.76617
0X340D3CA7C92DC723,27.702847
0X341EC20E83B0B356,48.21671
0X342BECBDEC226B4B,60.110878
0X344A1BA4E101C1A3,62.857437
0X345D4E0B1B2EBAA1,60.539112
0X347C08CBDD9C7630,59.61817
0X3486DE177009C0A7,27.784887
0X3491A2D8671884AA,61.17946
0X349290B231655FCF,57.058598
0X34B0D3390808FB87,59.52014
0X34C28111C4C125E0,61.55642
0X34F7CF2069479824,43.816513
0X3503A92D7637451,47.438393
0X350C03638EC233F6,23.871729
0X350E5D4955052AFA,28.431742
0X3527A0143356B7F5,53.615417
0X353B18E085493A52,60.03925
0X354F4B874AED071B,51.812946
0X3562C155F79822B7,59.533295
0X3587945D9CB88758,59.21886
0X35943DCDA257FB3F,56.119938
0X35A78A31D8EC3E08,59.91151
0X35C02A1D71E0F261,61.911125
0X35D71675B11A8F12,62.728783
0X35DFFC5BC8995375,62.715294
0X36212648EAFF0B89,32.74669
0X365F36B9859AED91,52.1139
0X36715FD73D74BF39,57.885933
0X367B540BD67522AF,63.24252
0X3693F13626B9A3E1,50.874996
0X36C8D17C4AA7C806,58.56291
0X36CCD2D8878BA51D,62.463306
0X36DFB3273B20DF4B,58.88143
0X36E1B0D2F55F5083,62.11784
0X370587577A29EA9,47.62291
0X37671D9D80CCE804,57.440327
0X379CA9FEA4B8D934,62.66469
0X37BFEEF205E5ACA3,58.739647
0X37C22AD689BE34F,64.82098
0X37E6E6434A0C815B,54.614056
0X37FF2E02E64FDC8A,53.9137
0X381864BFF92B7437,60.561417
0X381A1032716BDFE3,43.384293
0X3847FF474B4D4AEB,61.318504
0X384A037668246F4E,31.994507
0X38553A64F1845D6,52.88789
0X385C5071980C3241,63.400444
0X38638F441D35402,58.97163
0X386924A6B430342A,56.0033
0X3869ABCAB47DF8C9,60.39509
0X387F179AFBFB9768,55.243267
0X389455E41FE5B36,28.578308
0X38AF259B8CB9ED38,60.267323
0X38B128C923F9718F,49.103333
0X38D61BFC461E6880,60.06821
0X38D92BC43C1543C0,58.990913
0X38E252DBA241D7A7,62.540977
0X39051FE34AF2ABF2,59.016678
0X395E507F8ECA4193,62.36505
0X398111BC19E289A6,63.73233
0X39812AAD22D1087E,44.18597
0X39B358EAE5C1A47,51.062447
0X39E3FD0C9DB2E14C,53.94287
0X39EF484992C44E9D,62.083374
0X39F7878941FCCEE3,61.05297
0X3A067F55DF845A2E,60.025784
0X3A170C20A679FBB4,55.63826
0X3A24403843DE9A9F,60.31894
0X3A46A45145C2FF9B,62.58945
0X3A6035ED10B83B7,56.851837
0X3A6E9277ED871C65,61.7754
0X3A76AD5CC9D50E57,54.94404
0X3A8F6D088C91167E,60.08674
0X3AB82E8B51CB82B4,59.153904
0X3B08A5A9B4068C8,53.800266
0X3B0C001E8B03BB10,42.32509
0X3B2F240FF65AE41B,63.827675
0X3B6EBD8C8C9A9567,46.781143
0X3B80677CE0873E50,57.869286
0X3BA376E0E5A67F4C,57.199654
0X3BE4253D023C725E,57.50361
0X3C18E7594F18AEB9,60.224052
0X3C207E8489AD5BAE,62.98917
0X3C3C930EC09E4FA0,57.083508
0X3C4BE41655860B16,62.431557
0X3C5A6B5C6A66C7C0,60.672577
0X3C8AE3EFC3758990,37.640686
0X3CC2AB71D7704B20,47.07933
0X3CF4BCE027237660,59.202976
0X3CF920996FE95ADD,59.63272
0X3D058CE72C565376,64.55634
0X3D07B11AAF49F722,62.510944
0X3D536804F75D24EB,42.990715
0X3D595A1C7728A00B,61.01243
0X3D8B6D455EECFE25,58.374695
0X3DD2E68A5BE7A4FE,60.677742
0X3DEBAD684DB64050,59.012646
0X3E423D83A5D8629A,57.14514
0X3E6A113EC1BA37C2,62.170193
0X3E9510ADA06F09A9,50.054607
0X3EA9C5F8DCDD2DEC,61.771397
0X3EB1A47797F16A83,61.12182
0X3EC21D2B9F1EA8CC,57.49945
0X3F0ED71A38DA9C98,56.955673
0X3F1ED852891344A2,39.278557
0X3F24B7E7AE2C282B,60.72251
0X3F2724A0E1BC2582,62.116486
0X3F3190FAC575A7AC,50.5101
0X3FB529259ACCAD46,55.82442
0X3FF10F5B3ACC1D81,58.03127
0X40089B3B847361A0,61.459866
0X40253981E97848E5,60.91694
0X403F31515BED0BC2,63.667286
0X40551ED55932933D,35.852367
0X406899187CFD9A61,54.447716
0X40818EDA7A4B5FD4,60.312073
0X40859A35AFC437FA,56.43938
0X4093BA80E43ED821,54.032585
0X40BF3AC7A4247121,55.315483
0X40FD0B2BD7D3024E,56.247448
0X41130893A44122AB,56.47164
0X412697A4C6EF423E,57.712517
0X415D34188C1D556C,59.427814
0X4161CE9AEBC8547A,60.839706
0X41705247E0540BD7,63.73304
0X41744FC51A5EE79B,62.789513
0X418EBC0BB953DD1D,64.08919
0X419129FDE2B698,62.387917
0X41AC5C5FC2E3352A,58.510742
0X41BAB6D9416FBE7B,57.244915
0X41C2A106032ED4C8,60.779434
0X41D34DC8CABC6CEB,63.261562
0X41E921A2E68382C,52.373215
0X41ECEC7AAEEFD0E6,56.983612
0X41F15BF2544F66AF,57.69986
0X4225D03BC0BFD7BA,50.740902
0X429D577F56E5C4C4,57.003166
0X42A595A2F699E62C,62.006195
0X42A97568F13E2DB2,53.242496
0X42D952F5218473D0,62.40912
0X42E71F03706C0C1B,61.980602
0X42EE64F2F93A5495,59.968796
0X42FB891C8FD2AF86,63.135124
0X4365DD7E115C67FE,61.193584
0X437170B1DA64BB42,61.37377
0X43776A8E158E1D2F,62.811935
0X43DE853BD6E0C849,55.504333
0X445575CFEECB0986,53.762997
0X446E8D1FC944760C,60.009346
0X447284A7BA9F97EE,59.996246
0X44791B99E952C4B6,44.091408
0X449F4DBE528DB8E4,61.140076
0X44A22A6AC83EAAE3,62.402473
0X44AAEEDEB27D7CD8,61.72165
0X44C35F9C8D4F230B,59.16234
0X44CB4ECD6A40E9C9,56.785683
0X44F9A80B05DFC224,59.95219
0X4502CEC81747E7BD,34.21651
0X450790A4885E9762,54.983345
0X451AAC4A666A91BF,45.382782
0X45357AC4B9F02268,53.366295
0X457979CC6D12EBB8,63.272224
0X457D30606BC14265,60.857914
0X458C107A05DAB733,58.64906
0X45AD580B725C799E,59.9666
0X45D7BE7523C46BB2,60.92874
0X45E3351DC2069AA3,61.957397
0X45ED7398E9C3AAEA,62.437744
0X45F6B2D62CFBDD5A,61.13857
0X460698918BEA659B,61.52301
0X460B910F3236924B,56.292313
0X46540E51EA8D3CB3,55.5552
0X465E263A2E3C4006,59.178364
0X467B7DC0FAEAAD97,54.128277
0X46A60B1F1ACEE9FF,47.303295
0X46AE1D888EB482C9,62.063313
0X46E076385E2BD694,63.844803
0X46F177DC7B92CEA6,57.22304
0X46F890593D02A068,62.49483
0X46FA0CE0A00866D0,61.321655
0X4700E4911EF3C56A,60.825592
0X471783E22BC7C7C1,62.280384
0X47241688479B3A90,58.76345
0X4724AC020BB043C4,62.313797
0X4724EF4A6021488E,45.41515
0X475268C075FF7737,57.498196
0X47652348BF1687F2,61.937088
0X476B330DE1073521,60.169575
0X47902A34F32E05B8,60.404465
0X47C3A2C6F7337211,56.5993
0X47C5BD5581B2636,62.101654
0X47DBEA2F11240016,56.235825
0X47F00D882D730416,58.535713
0X4816823BCF1EDFC6,44.388393
0X48905E6FBAB24E3E,51.91114
0X4891812FCC8C95E2,58.852
0X48AB3B6BB64769CF,58.632996
0X48C35748D6FE9BD,62.71261
0X48C5E7FC78E0B3C3,59.16633
0X48FB28BF9BD812DE,61.947437
0X490155F11EF9C102,48.587563
0X4917A8741F962DC4,61.475277
0X4918DDB4B3AE8FC7,60.621906
0X49215CF6782C83B3,53.574265
0X4937270C8599D8E3,63.950928
0X493E34208D40DBB5,61.639603
0X4941EC81FA24A165,61.478794
0X497E354B515F4FE,36.820053
0X499747D399335BDA,60.455585
0X49B7A10D057F78CC,61.457474
0X49BF970124381C81,63.095505
0X49EDDBE4F26EB4E9,52.532677
0X4A0C7C0FE8253F6E,60.941746
0X4A2D1333CC39F29B,62.029858
0X4A3198A53976E7B3,49.596687
0X4A49AE73D48ED549,56.235645
0X4A4BAD2CF6E771EF,60.812828
0X4A7A08B4859C2466,52.637608
0X4AAB72A545D59B3C,51.130352
0X4AE4981D62FD4A2F,56.992634
0X4AE79DABBD8D1F6D,58.104347
0X4B071CB75AAF67A7,51.189957
0X4B1424E2649E16B1,56.60813
0X4B1E3D75434F6785,63.73099
0X4B2690203CB2F7BB,60.71667
0X4B41FE94F65ED4FC,58.2155
0X4B5F467657C70230,59.16608
0X4B8CD0B98CEB8EAB,56.976723
0X4BA9D17E8AB2AF4E,58.868496
0X4BFD23141A6091C5,55.950657
0X4BFE78C4BEC7AA93,59.66967
0X4C03A878AB261E5,60.207592
0X4C28BDBE546E6B12,49.01649
0X4C371F553F658F4A,59.988056
0X4C3D1288ECBB8117,59.7225
0X4C4591D9CB3DDDE8,64.37444
0X4C5B58DD6DEE9F41,54.39688
0X4C81F018685C5333,59.584873
0X4CDEDC3CA72436A1,59.563354
0X4CE72E5392DFF72E,54.295666
0X4CF43EB60D67F4FA,64.03055
0X4D1FA00A1C115E77,52.26906
0X4D7581C48FA515A6,63.2018
0X4D7A36B4D79C91BE,48.50019
0X4D99A73E71A323B8,57.02327
0X4D9BF9D205C0FB63,62.385643
0X4DAF2BC7AD5242BF,58.711945
0X4DC2A9679CFE55D6,51.261383
0X4DC501859B8AD03A,64.340965
0X4DCB44704D75BCB4,54.940105
0X4E0BC2C036E928B1,64.13528
0X4E10843EF877019F,60.783546
0X4E1CF95FB15B1B41,52.458454
0X4E2793B64C6E1697,60.746338
0X4E38E030A745C3A7,60.00663
0X4E5A25A73BE58A0,60.306797
0X4E5E3D56B330AAF7,62.14769
0X4E6CD95441F3C2D4,60.837116
0X4E8DE76280B1445B,60.28897
0X4E9496513479C330,42.68386
0X4E9F08061D109568,61.956596
0X4ECECBC46D4ACCB7,57.716263
0X4EF738B9EC34D664,48.31938
0X4EF859DB4F6D52D4,59.85977
0X4EFB94EA8F9FC7C2,55.466858
0X4F1634C33E5A0522,55.689793
0X4F38559E6842E6B9,62.43344
0X4F47E30FDD6BE447,50.19854
0X4F6EAF6EA9D0D4AA,63.112698
0X4F89846030713617,46.143898
0X4F963A8803EE27E1,62.31657
0X4F96D302CB820C76,56.87256
0X4F9A4229C54DA391,58.819626
0X4FAB297B6620A2AB,59.00056
0X4FACABF5BA7D337,57.90748
0X500FC4E8716B0A8F,22.17278
0X50123D34D2500DE7,57.99357
0X5042C6AB36212224,61.924606
0X5077E67FD3C011C,58.806915
0X507C7C082EA6B68F,58.661312
0X50AA85E1108DD28D,60.729893
0X50AF86577B0E0C0,48.211994
0X50E1A609EDB71DDE,51.115852
0X510FF9F679F312C2,59.01329
0X511D25AE9C39685C,55.545326
0X512A75F626846DD1,64.61815
0X5135B2283BB69AF3,60.812218
0X51472543858384F2,61.785313
0X514AE6D7248D0A2A,55.960392
0X5175AED2558B83E6,58.556786
0X517B9EA7B3FBEE17,59.90508
0X518BC58DF231D061,11.686192
0X51C9BBFB660CF100,60.56158
0X51D66652BDB24941,50.509315
0X51D8A66B24FD69CA,50.38086
0X5216E8EAC6638EC5,53.399117
0X5226FB3272760299,54.53808
0X52297761808D2976,60.932907
0X5233D810FA8D90D0,61.385765
0X5235A82128C7DA89,36.02166
0X523FA0DDFF2B86ED,54.550606
0X5251B40D3A1CD1D6,63.057564
0X52D27E1752D12960,59.669903
0X52E865A8C311F559,55.47869
0X52F3BB17DC1CC0EA,63.392174
0X52F78B094464709B,61.062603
0X53434964FF756E9A,61.07
0X53491FA3CDC950C1,58.71508
0X535C51E9C2EE35F1,60.60449
0X539386FD2B2033D5,50.8001
0X53BD50EB0C43D30D,56.57962
0X53C84BFA9447BEE8,64.31377
0X53CE02247441397F,57.315197
0X5406E97A85CAEB10,61.074097
0X5407651AF7E19AD1,57.39617
0X541432A2F24BA7A4,65.837364
0X5418A371914B3AAD,64.54881
0X543FF08F5AEED836,60.03302
0X5440A5C9A8CACA49,61.614635
0X545AE8E42396264B,58.09836
0X547BE4F7E93BBD8E,57.458622
0X5488B4989668C529,62.695915
0X54CB2267CB8CEBBB,52.395695
0X54EA74B9F2F612A3,61.920975
0X54FBE65372BC873,59.485794
0X552D2BEC02396DD4,63.42161
0X55324702AE57AF6D,59.734303
0X5537710165616E3F,63.583496
0X554AC1E23B17F678,61.28523
0X5572F384EF9DD9FC,57.72593
0X558BBB9DC59ABE58,59.320045
0X559CBA3607FC7673,61.410595
0X55AE4F5E25A9609F,59.550926
0X55BE2D4BC726F7B7,62.052685
0X55D3F7134FE08939,59.871815
0X55D97A446839D999,62.01457
0X560AC3ED5C9AA949,46.805855
0X562D7CFA5BAE1A69,59.21602
0X56497E5A81DB483A,61.219498
0X564B7112D21AC297,48.88584
0X5681A0EC29CEDAFB,58.25438
0X569C32CA446F75CB,62.931427
0X56B7729C43515690,57.274525
0X56FD0409BFA202DF,51.82859
0X572AEF5D9FB71D5E,60.40745
0X5746FD1045390A93,58.522163
0X574915FE8F47DA9D,54.64187
0X575A1E4C8C441849,54.962257
0X57614735C29E7850,62.818695
0X57638EDBA6862410,58.918034
0X578A64C447B18198,33.88575
0X57B3CE32DFE7E331,43.393814
0X580C785A54010D31,56.728577
0X5862D7393B1702A1,60.622486
0X58871E2E411DF847,57.91467
0X588FDBBA1B4732A1,57.245983
0X589E6E8F092EF3D2,62.43116
0X58E0C4426D076B8B,59.347794
0X58E9941E544B4437,61.320705
0X58EA44DD398ACEDF,58.048603
0X58EBB19DD908A04,62.483616
0X5906DC737114DBF1,62.836823
0X5932549C293D414,62.309093
0X5934A7755DBA992F,61.57735
0X593E7BA6491DC8CC,61.558285
0X595ECA5F232566EE,43.703262
0X59671F285804943A,58.23614
0X599C81E46591FA88,60.653946
0X59BB0313F22D6C09,57.90151
0X5A043A25D7DE2119,61.533962
0X5A36F3D64B1C022E,64.2543
0X5A887EDA76C326E9,48.575096
0X5A8D9673920F03FE,55.614426
0X5AA07A9EDFA136A4,53.12322
0X5AA42E877A34343C,63.779175
0X5AB4C1E0766C1301,58.36773
0X5AC51281F3F82853,58.649273
0X5AE597D0E98182FD,57.686134
0X5AF5F4D6A5009696,53.968163
0X5B11C88A9BEA16A1,61.67645
0X5B437B04F1B9248F,59.123142
0X5B597AB91860C164,60.384674
0X5B8C506AC0A3CB4B,60.00346
0X5B9C0EEB93E0BE10,59.71023
0X5BA0316D390284D6,63.006287
0X5BA6C5333369EBF9,57.7245
0X5BCD54C82F8D582D,48.92524
0X5BE1EB81D547BB00,57.499306
0X5BE6B8A080E4AAF3,64.86937
0X5BFC2EC0D445EA65,56.558006
0X5C04297CE92F9474,36.484
0X5C05336F5F0ABF6F,56.52494
0X5C0BCAA2FB4FF1B4,40.844852
0X5C36C47474E66354,61.500797
0X5C3E19EC804AB89A,57.44352
0X5C41AF3F25757D5B,57.20921
0X5C48A57102118A57,58.93489
0X5C732BCF53162A65,53.829643
0X5C82DDEEA7B83F66,59.41284
0X5CA9EC597BD1151A,58.744064
0X5CB575476EC80F28,59.639538
0X5CC9462160833E16,60.548386
0X5CEFEEEA65D39669,61.624527
0X5D0DFD26F454D74C,62.98632
0X5D15F6BD0B9D5CE2,59.956676
0X5D7DED9EE53AFE49,60.717728
0X5D96B22626F0D2AA,61.199013
0X5DAB9FDE7CC700DE,41.837463
0X5DB7742B2778FD6B,58.872105
0X5DCD1D381ED8E90A,62.690407
0X5DDDBEF2B4D91CD,62.950687
0X5DDE9E68BB099303,54.16903
0X5DFC0C66C150F577,33.44021
0X5E225B4AE218833F,58.928616
0X5E64AA2424074480,61.751915
0X5E76ADAC714DF9D7,60.0415
0X5E857A59AF8D3FC7,59.848083
0X5E98971829C12431,60.472446
0X5EB091B7ACE3715E,27.123524
0X5EB2063FDB36FFEA,57.10434
0X5ECD55B830580E47,62.55498
0X5EDF35043B9394FB,59.485832
0X5EE96AA34060E43F,47.09976
0X5F0602402478B90A,51.485825
0X5F3D04F591FED07C,59.151028
0X5F40FC2C2367EA92,62.400555
0X5F4167C2888CCA6E,63.0699
0X5F5C118F20590038,63.023735
0X5F6F8D308353F7CE,60.10471
0X5F82B5955E52718,61.583004
0X5F9248C06FAC691F,61.31362
0X5FA0D09981EB84F1,60.156197
0X5FAFD4377E381228,46.1329
0X5FB52EE24AD4E07C,12.8343315
0X5FBE580FA447E32F,60.90093
0X5FD48AFE4017BCC,59.647034
0X5FE2CC293BF88CCD,63.28261
0X5FF1487741A82553,50.851147
0X5FF75E97ECDC71E8,62.10239
0X5FF8D238E3A43BA9,30.348265
0X600FA3ECBB488EAC,61.93584
0X6022F9F42D2E8E06,61.79572
0X602B5FA15C1B1391,61.765
0X60361B7F301DEBB7,60.403008
0X6043DEDF42873A99,61.12771
0X604740AA1AC8E769,57.22907
0X605383A20B7C658F,50.596832
0X60758344D1A615C7,51.546913
0X608CDE34163C8C6E,41.01508
0X608ED3201BB2F9A,62.450157
0X60A3D09BF576C9E0,59.661354
0X60AC03ACF886B39,59.695454
0X60DA39A95735153C,57.756615
0X60FA846306768D7A,59.24643
0X612D302A7898B7B,56.748672
0X613E15ACF68A8CD4,62.38769
0X614B3F106CA8115E,63.20825
0X61606A54D357AD12,59.82928
0X617DAA674148287E,60.68491
0X61848F995A02B06C,60.094234
0X619010C76D709BCF,53.208557
0X61BB4CE860D8FF7C,58.206184
0X61E16B47E6FD8A4C,57.57094
0X61E568C03C41267A,61.04395
0X6200509F3CB51BF4,57.527054
0X620373BE146E6C3B,49.173656
0X6229CB36DB9F05A5,62.031063
0X62431BB9CF3A33EE,55.337627
0X6244974E7C452D0,62.19577
0X624AF19C96CC325F,58.83505
0X6275BB18E7A8D320,60.814423
0X628BD140F1FC1557,59.925392
0X628E52E0848610F5,61.174397
0X6290DAA1DBA189F9,40.543015
0X62A25E56B1AEE78B,62.574768
0X62ABD820E0F2FBD0,61.800484
0X62B37D47688D7F3C,55.89998
0X62D0E438B69C344A,61.931835
0X62F8023D8467B4D5,58.119747
0X63065D5C24C3DE6D,59.0339
0X6311A3EA62D07100,56.553165
0X6326541E9E879019,33.567734
0X633E0E424144D38F,61.291428
0X636B7F7511BA829B,61.8547
0X63800FF8C04208F7,61.889656
0X63A2FB5EC2E1389E,56.040783
0X63EFA5F7FFFB0014,56.29162
0X6406F656D85D613,59.13627
0X641187BA5EAA4331,62.83251
0X6440E65AC7ED5668,60.571136
0X645F2FD9B7EB9211,62.78243
0X647499F6DA710D4F,58.96185
0X6479BEFEFDB47B80,53.401093
0X64B2B77B0C551FE4,58.95884
0X650C78FAA0312711,63.893063
0X65115C498B497C14,61.017517
0X653C793B3F2B3510,59.738777
0X654CBBC325689148,60.61004
0X656705047098A5FC,59.081238
0X658AC1BA93532526,41.09768
0X65A4CFF0CDED342B,60.91906
0X65AFBE7F72F33F56,63.94394
0X65B23F659EFEE4B5,61.84465
0X65C488B49774AE48,62.007744
0X660104EE65A0D28E,57.133194
0X66050153ED5E08EA,62.032215
0X6610FEE0E4DB11B5,63.194695
0X662EF84E75806C27,47.190884
0X669B1F6BD601634,61.408623
0X66C173C78E8F6EDF,52.647038
0X66C8EAE88FFB77EE,58.39901
0X66E92E721D27BF17,30.347822
0X66F67400B4224304,57.57649
0X6703FCFAD2E7CBCA,36.42049
0X6710BA6184204672,53.50671
0X6720DAE21174550,61.212807
0X67258AC1999CA388,61.639095
0X6728170DD8443536,52.086132
0X6732D6F83932DACA,55.476982
0X674BD01159859802,63.166176
0X674D11613887E038,64.14035
0X6767F4359E20EE24,27.363993
0X67753ECB554BC154,57.4891
0X678B0D95D2EF1F37,57.106174
0X67E8F2D130F1A55,49.820057
0X67F0850A73E98169,60.335007
0X67F418EFEAF112A,63.907406
0X67FC799EC72F1852,64.936
0X68162D95EAB2AB4E,57.353058
0X681A95D85C2D17EC,58.89709
0X684A3BC616D3740C,34.896175
0X68521E9A7A5E6C26,53.365448
0X685A4B045C95B72A,62.730545
0X6867156FCD59C7DD,58.71496
0X686D8CAEF6113D71,62.590195
0X686F756A1F380DAC,58.44659
0X6878753F91B0C449,61.468987
0X687A5BC36E15FA4F,63.912655
0X687F32820865345D,61.328278
0X68B3B1926A16337D,59.35646
0X68EBF6C87CD14F34,60.013454
0X68F5FD987AB1DE31,56.669304
0X694033179511A13E,54.34921
0X69447E46FEDD2A3F,61.68143
0X6985788FAE5F8039,57.47216
0X698CD6F727626E9,41.088604
0X69B8866270E7BC77,56.03271
0X69C213A7E1B58743,61.420418
0X69CAB2A980A78FCB,47.579876
0X69EA4A8D900C9F7,62.789433
0X69FF17A94F18585A,39.99008
0X6A0E0C2096A56020,59.301807
0X6A11E31F14ADFDEE,51.012135
0X6A2B51F5E42AAFF1,61.012833
0X6A45FBB2F8991E0E,57.0423
0X6A59ABB6D7C8F0BA,57.466938
0X6A672DABBE9F8660,56.94051
0X6A815B26E4D6AFC3,60.197014
0X6AA21353DB219B2E,59.295006
0X6AB214EB6B92DC02,54.38254
0X6AB2CF56234A13CC,61.80595
0X6AC075B8CAE1D6EF,60.512325
0X6AC5A4C46C17EDC0,62.876125
0X6ACAC4D295EF82BF,59.003395
0X6B0A6A101C2DA474,61.07383
0X6B11525181625135,57.20632
0X6B2DF895741FC467,23.213482
0X6B38A2D99D5A9A86,61.992527
0X6B462232B332BB81,62.08896
0X6B5A0E853A0A1C2F,48.90608
0X6B65849509F23240,65.344315
0X6B7033724FFD6F8F,63.344105
0X6B8CAD148A81CBB1,59.26384
0X6BA7CB2E44532208,62.29569
0X6BAE7A563B2DD386,60.27236
0X6BC02B386AAEC4CF,62.00964
0X6BE1E54E59745D35,58.38054
0X6BE62DA9E887AC67,59.137383
0X6C56FD0ECEF3C539,61.05401
0X6C5E836554770576,57.441883
0X6C6FE0CFFBEAD9C0,54.00112
0X6C8F08AB5C918755,59.92441
0X6CB652160FFC36B7,56.446835
0X6CCFED529BAD08F8,59.205975
0X6D0D293319783A87,60.90683
0X6D1D29802905D6E0,60.70962
0X6D218D2DC031979F,64.43222
0X6D4A0B79F875979F,62.482555
0X6D4A77DC8CD88E9A,55.766163
0X6D4AE6195D85472B,48.630413
0X6D55B39BC5165D15,57.04635
0X6D600D764AD2D7A9,54.427284
0X6D78CCCD9680F137,64.04746
0X6D9723FC15CFEE85,57.08176
0X6DA6FDFFA83994BB,60.148083
0X6DDD5B0B4132C787,62.24215
0X6DFE8F195ACC3BA4,32.25666
0X6E212B8A73CA04DD,62.434563
0X6E27B3EF3A104896,59.84493
0X6E3FBD73AE2685F,60.920155
0X6E4159BB40A86E64,60.317085
0X6E46A32DFF7E9E62,63.349476
0X6E57B3FDE0D9C92,28.208626
0X6E5CF1D1178DF20B,58.79991
0X6E6B700BBFFFD2D6,60.102432
0X6EBCC08A401F9B5B,59.787254
0X6EEC24E41B261C6F,55.464603
0X6EEDB606DA0C8EDE,55.326706
0X6EEFDA0A9F0144FF,57.68045
0X6F00E1B88FF7F2B6,53.65551
0X6F3232FD37FD13C5,56.22637
0X6F3E6EC0B32CBB66,60.22265
0X6F489746D4866AAC,53.660233
0X6F6DB4A07AA7BED2,60.30642
0X6F7BF22A07F61BC8,51.165504
0X6F8676CBA5E2571A,46.31812
0X6FAB02B40464E30,60.56711
0X6FCE7C69AE34FBF7,61.69593
0X6FF416B50E42532F,62.532482
0X700C7EFB75691A,55.098427
0X7012247CA8314DC5,53.46663
0X702D4E353E3B6A04,58.843174
0X7036B875624A51E5,60.93152
0X704845139A356532,58.23121
0X705789F6BD6B3A46,61.987907
0X706B389AF6175FE4,59.581207
0X70702683D6C909DB,60.611916
0X709522F8FD4A92DF,49.259186
0X709A3DD7C31252F3,59.970657
0X70E038A53FD778FE,59.236187
0X70F4F530DB582570,61.90914
0X710CEE694461AA2E,54.52575
0X7111782DEA339319,59.905365
0X71258BC9BF14F659,54.054886
0X71270AD323D7C627,62.537174
0X7166874B45E63C2B,59.87377
0X717323632DAF18D2,52.981514
0X719F5441F4D7F772,59.36442
0X71C37D3E936D08DA,62.9173
0X71DA17261425414F,62.42861
0X71FE0206D64EDD39,62.25107
0X7244FC1F0267202F,59.092403
0X726340B293ADED52,64.33577
0X72685B35200F4C48,54.842255
0X7299D46E48AD3C37,61.36453
0X72AFD8330D1A2378,52.27953
0X72B134B9DB954CE0,54.835087
0X72B2D4A1633D4D14,61.374084
0X72F46FF82263E9BB,61.283794
0X73157CDC07CC521A,59.633057
0X7321C0F7FDA48773,62.39101
0X7327AFFC293E3F3E,66.226776
0X73402C06C929E8EF,53.15815
0X735F588BB61D6CAA,56.09223
0X73887804901441E1,61.277073
0X73AF0618B125251B,59.61643
0X73C0839C4D54DBDB,60.859585
0X73CBCADA2191104C,55.364567
0X73D50DE693F798E3,56.26774
0X73F7C900EE5F7BDA,55.6068
0X740B08561D0382B,27.72977
0X740F540B87B8AF3,64.28891
0X7415C8B1BD8C89F0,47.692554
0X74223A9F6F471ABB,56.294014
0X744CE89425556B93,60.76015
0X7476874DC8F10D2A,58.80458
0X7484EE46AD3659CC,60.40139
0X74A8521201588DDE,61.043198
0X74AE577182FB112A,62.816235
0X74B4D8E3459FFF7C,61.335052
0X75031E71CC6DBD81,43.967327
0X7524D9CE7C6BD3B,55.52031
0X753D4BE480775FE7,54.044712
0X7540B06840A33DBF,58.66458
0X754B72455C00BFDF,63.737003
0X756A5DE88BADCAD5,42.17231
0X757B31FD347B7585,62.029728
0X75AF130134AADF00,53.453465
0X75BA1623CCCF0652,61.893963
0X75BB68F0ACD22690,60.34494
0X75BF25E961056A3C,59.580143
0X75ECC6694B60D05A,63.38005
0X761FEC566D4FA6B4,62.403564
0X76236768A07DC4A0,55.98435
0X7628E85E157D1655,56.719166
0X763034E9D22CB7E1,57.54519
0X7630DA7B2D3E6F27,49.745575
0X763E3FFF4DBBB792,59.292873
0X7655EF3942795C54,59.38878
0X76747A1A799357B5,60.774467
0X76A43B263DED8D2A,60.882145
0X76CF9DD42F1E65F5,61.066154
0X76D1CD83C813866F,58.188286
0X770BECBD81CA14F9,52.83076
0X770DA83A3089A1CE,57.497246
0X770E5896DC4FD92B,63.210796
0X7710551E470BE80A,66.44468
0X771C3F118CBF577A,57.805035
0X772970685B34F0F1,60.926853
0X77435187285FD096,64.290306
0X775319C257A48042,59.781128
0X775EBA7C578E03AD,60.666897
0X77762963F999DEE3,55.93284
0X777692B30E35465A,60.647247
0X778935C329CC1789,58.12093
0X778CB82CED72873C,58.352386
0X77A6EEED554F8360,56.68253
0X77B0F03C4F1E0315,55.691788
0X77C3278832702B6,56.905296
0X77E1E067C24C6E82,60.911167
0X77EE3CD923A3952A,57.23511
0X7809B942D62CFBB5,62.999725
0X780D5E4FEC1EC3B2,60.31521
0X781D97826A1BF672,62.822014
0X7846A393403DCE9A,63.83022
0X7858426972D973B3,63.553608
0X785B0B7BAD1E6DF0,55.223846
0X785B6EB4524C1CD3,54.448765
0X7871A13A25E72847,59.986374
0X788B2560A356EFFD,57.402218
0X788C21FC83ECEA3,56.164257
0X789C6979A03B622B,51.411194
0X78C330A341555880,63.77792
0X78FAF371B4DBE44E,49.916977
0X790A3B476F1281A1,32.66811
0X790C79124FE1C985,55.75405
0X7928A2EE4CEF22F6,59.472157
0X792BB639F04589BF,58.935707
0X794FD97F585E5500,59.692978
0X796D96C289660E32,63.724556
0X797CA10A7CDE384B,59.6329
0X799F64CF2E4B98EB,60.89095
0X79DFCFF4867CB797,54.182674
0X79E1F33063F55D0,53.91068
0X79E5E594E59FA593,52.290615
0X79E6261DF5CE752C,59.137012
0X79E68FC6793DC38D,62.768936
0X7A32FE05734D3EC6,62.150463
0X7A36F71B6647D596,60.43826
0X7A49B980EAACB689,59.20799
0X7A4ABCBDD9D9F33A,63.517174
0X7A620C5C256333CF,49.66461
0X7A66617547DFC6A9,63.246803
0X7A67867B96A7DB62,58.78081
0X7A6EEE9D2CC4DDD8,60.427673
0X7A761FAB53996A17,61.65712
0X7A878CE8EF95A413,62.164906
0X7ACA82C5A670004C,55.32224
0X7AEB162B3A45EAA9,59.10952
0X7B1F112049D754D9,60.16385
0X7B361D8604999C29,61.806812
0X7B4062501918819C,20.678467
0X7B594349510CCAE4,60.362484
0X7B5A055AF729EDF2,60.311813
0X7B73DF444BEF7269,58.438457
0X7B8F542F991D908F,61.02109
0X7B93FAE7841C1826,60.95999
0X7B982CE3A8C024F4,62.375084
0X7B9D5C68AB322E27,57.776714
0X7BA9FD251A48D45B,59.32287
0X7BC611E29496FD3E,57.767735
0X7BD009AA7B30A5D8,60.944405
0X7BD38A944FB7D285,58.25855
0X7BD3D2A65C18A4CA,59.174114
0X7BD6977487C29ECF,46.360165
0X7BE6BA90FB9BC4C6,61.919167
0X7BED18C482386E18,63.19637
0X7BF746EB936C65BE,56.429497
0X7C053B5DB5BAEB83,57.003693
0X7C202E81AFCC7010,63.782684
0X7C2B6DE932E8EB4D,55.57167
0X7C3A04F6182C79D6,60.579575
0X7C6FB8F7CE82D404,48.7295
0X7CA10684E319705F,60.994156
0X7CA15DC6A1C6DA13,61.86692
0X7CE3B7D2F8976E7D,60.975796
0X7CEA8E5FA8F3FB3F,50.61666
0X7D0223AF4A3B9955,61.747982
0X7D2C9FE972A828D3,47.652576
0X7D32BEF617ED61E9,51.364834
0X7D47E45DC22458A,56.32176
0X7D4E031123DA9E4F,58.126507
0X7D52513975CDE18F,60.184948
0X7D567F2A870FD8F0,54.615746
0X7D73E6E86837FFD9,59.386074
0X7DA74EAC9DFC2D5B,62.77045
0X7DF4117F27AA3D96,62.842827
0X7E03DC0DBBD76FFE,61.85085
0X7E09E67C095EA7C0,58.67414
0X7E17E85D21D4D683,54.665424
0X7E2E8534D07DDBE,61.64454
0X7E379B92108E37EF,58.944656
0X7E4D98875A3BF1AB,53.76965
0X7E51B1F0EBC1BD6C,59.876503
0X7E5F7C851AE9AF55,54.98322
0X7E654BC9652802D5,27.945694
0X7E655DBE953C1A73,59.077446
0X7E731D5758FB247F,46.857136
0X7E8632AE4089326E,50.315548
0X7E8CCD93D8EA9D7,60.59527
0X7EB6CE7A0EE060B0,64.10209
0X7EC67D9015EF4B0D,49.46882
0X7EC96F4D9167A448,31.140955
0X7EEA66DBE251854B,50.969456
0X7EFE1E76A839FA63,62.661514
0X7F058A3503090EC8,60.668316
0X7F4C057216F1A154,58.457226
0X7F5CB71A507DF8D1,50.80708
0X7F666F93B086F12C,58.317036
0X7F9ED6D9B7543E46,62.866753
0X7FA84CF03DD99FD3,58.15599
0X7FCE5D1FB46D6BDE,62.473473
0X7FD042711B0E1D27,58.809246
0X7FD0FEBD1D0CB00C,54.744953
0X7FE8D1F8E0376B88,60.533478
0X7FF2092E3F8724DC,50.62503
0X80BB507E25E9051,58.26773
0X827ECF66833BBA2,60.300747
0X837EE8D6BDBD824,57.617146
0X8429581F984C6A4,58.61963
0X8558D35ED09F890,54.606224
0X86643606EDB99E8,62.060127
0X868028466F66DE2,31.92151
0X871CEFF60C7274C,53.059956
0X87D7BC7C27ADD3C,63.102016
0X88E54370A17E06F,58.621994
0X8956CF90AA24E85,62.42625
0X9061772F56FB80F,59.44366
0X9190B2AF79FD1EF,58.830223
0X922773E4DBD8FDA,60.928925
0X9419D068656DB99,59.233185
0X966B4698CBD18F6,17.927418
0X96CE61C92FAEE43,62.268497
0X9776C2BDF17D2F,59.37661
0X977FA9B62EA3FD1,48.732353
0X9A03DC1334986F3,24.93472
0X9BC46CA635485B6,33.910847
0X9C7E9770B314AE5,62.19154
0X9CCD9D64D3CA005,63.31785
0X9F2D61012CC7FCA,61.479305
0X9F47D732822A695,54.64091
0XA31E5D703BAE77A,57.055058
0XA684E725FD761B6,58.592735
0XA69CDEAD15F2E1A,55.788235
0XAA3E06425E1A23E,44.82642
0XAA4741B7E7194A2,59.07245
0XAB8C29BE4841CB0,59.807106
0XABB9008CDCF5A14,62.569084
0XABBDDF3F072EB3F,33.87378
0XAE25D6E1B0C1D36,63.244473
0XB11B61E6027ABCE,55.228653
0XB11E2FD02BEDD68,59.183575
0XB2586FF43C881C2,59.598618
0XB29658CF38E12F7,60.035183
0XB3FFC4AE334E9F4,58.88415
0XB5492BEC906F76C,51.351093
0XB72CF150368BAB2,53.46485
0XB731B3B5A5E2BF7,60.48223
0XB7E1867A17EDAD4,61.762306
0XB8DDFCA26AD93E2,63.36275
0XB9DA76703445AFD,51.115246
0XBA57FE6C733F574,60.051895
0XBB76A78AC119BBB,61.40036
0XBC881D0528B2788,53.314728
0XBCEAB22A81A23C1,61.08681
0XBD39E52A48060D2,59.22471
0XBDBB1C23E1D4F0D,52.465073
0XBE8C637FF9D9124,61.935616
0XC006D08601D1BFB,61.608982
0XC3CC9222A4E69E6,60.392197
0XC4F21DA269D2EE9,60.632946
0XC77F1C717BE6B6D,56.93895
0XC8D1B3C80770006,24.331635
0XC8DE2D8DB465511,57.5936
0XCDA061FD0F030DC,58.234566
0XCDC194CB936209F,60.05431
0XCEC174C2D88B511,60.90608
0XCF0F0C58A0F4639,50.80198
0XD00B14807A0FA2B,58.87066
0XD05D93184B12092,61.39931
0XD0955B01F39FD0C,61.617393
0XD0DC210BA3C1C9E,55.613937
0XD2023E03A8C566C,63.01038
0XD3B557874B91D0D,59.33023
0XD578E2221A216DD,60.463306
0XD5ED87EECABCE2F,59.785015
0XD79C49C010950C7,58.154922
0XDAC9597CA49DF0A,59.10776
0XE0DFD3845CCF80F,24.635405
0XE315B0A3C5BAC9E,50.64761
0XE3D4128C7719147,62.5079
0XE9217FEF2BCB4B1,59.075474
0XE9315FA2FA71674,62.296074
0XEA049B76C9061E7,55.93054
0XEC340BEA3298AE3,56.229267
0XECF82DC9301EE77,62.79121
0XF557EF658FD13D0,46.753593
0XF6661AF354401A5,64.1799
0XF829F634971A0F7,59.50879
0XFE6E32991136338,52.281006
