unique_id,prob_asd
003_image_patient-12-4,0.88297254
006_image_patient-27-4,0.9403238
006_image_patient-7-4,0.27684224
007_image_patient-29-4,0.6031355
008_image_patient-10-4,0.67166173
013_image_patient-45-4,0.9725858
015_image_patient-18-4,0.21559778
016_image_patient-48-4,0.9585291
019_image_patient-52-4,0.98426765
025_image_patient-32-4,0.99617434
026_image_patient-27-4,0.96536726
026_image_patient-33-4,0.96709955
027_image_patient-33-4,0.8846973
031_image_patient-41-4,0.39147455
037_image_patient-7-4,0.60530156
041_image_patient-12-4,0.015494416
042_image_patient-74-4,0.40189576
043_image_patient-18-4,0.050198697
050_image_patient-92-4,0.81049085
052_image_patient-29-4,0.012721457
053_image_patient-59-4,0.71160257
058_image_patient-41-4,0.48091102
058_image_patient-74-4,0.8603652
059_image_patient-75-4,0.16085912
061_image_patient-45-4,0.39378336
064_image_patient-48-4,0.016946802
065_image_patient-52-4,0.1778578
066_image_patient-88-4,0.9017205
069_image_patient-92-4,0.59014237
070_image_patient-59-4,0.24010833
072_image_patient-62-4,0.9508972
072_image_patient-95-4,0.8395097
077_image_patient-101-4,0.9785593
077_image_patient-73-4,0.31036946
078_image_patient-75-4,0.16802788
079_image_patient-103-4,0.3639158
081_image_patient-106-4,0.9432228
086_image_patient-88-4,0.6486904
089_image_patient-116-4,0.8020103
094_image_patient-62-4,0.07740654
101_image_patient-73-4,0.01623322
108_image_patient-104-4,0.18428081
